独行月球,2022-07-29,https://images.entgroup.cn/group2/M00/14/D6/wKgASmLWFYmAPTKrAABwTSvBSYE969.jpg,8.69,42,165448
明日战记,2022-08-05,https://images.entgroup.cn/group2/M00/14/BD/wKgASmLQx2aACZARAABiMSwT6Ag637.jpg,8.38,41,45816
断·桥,2022-08-13,https://images.entgroup.cn/group2/M00/15/78/wKgAS2LqMF-AVFWgAABaohZQVo8512.jpg,8.14,40,20135
新神榜：杨戬,2022-08-19,https://images.entgroup.cn/group2/M00/15/F1/wKgAS2L6B2KAL92aAABedFBA-bk541.jpg,8.9,42,8689
遇见你,2022-08-04,https://images.entgroup.cn/group2/M00/14/BD/wKgAS2LOOmSAUfwGAAA8pvYpomM266.jpg,7.79,37,7706
人生大事,2022-06-24,https://images.entgroup.cn/group2/M00/14/45/wKgASmK1XIKAAiBdAABTXN-5wYo671.jpg,8.78,41,6098
小黄人大眼萌：神偷奶爸前传,2022-08-19,https://images.entgroup.cn/group2/M00/15/F1/wKgASmL55O-AK3FoAACcWlcVpbQ084.jpg,7.4,36,5098
神探大战,2022-07-08,https://images.entgroup.cn/group1/M00/28/6F/wKgASWKyc1CAPgRUAAB5Aaobd5c764.jpg,8.47,38,4620
山海经之再见怪兽,2022-08-13,https://images.entgroup.cn/group2/M00/14/F0/wKgAS2LaYQaADIQgAABt0Q7fx7A416.jpg,8.28,36,3411
猪猪侠大电影·海洋日记,2022-08-06,https://images.entgroup.cn/group1/M00/22/E3/wKgASWHNC1yASnmFAAB3YCkwGrU347.jpg,8.44,33,2589
其他,,,,35,10777
